<?xml version="1.0"  encoding="UTF-8"?>
<beans xmlns="http://www.springframework.org/schema/beans"
	xmlns:xsi="http://www.w3.org/2001/XMLSchema-instance"
	xmlns:context="http://www.springframework.org/schema/context"
	xsi:schemaLocation="http://www.springframework.org/schema/beans http://www.springframework.org/schema/beans/spring-beans-4.1.xsd
		http://www.springframework.org/schema/context http://www.springframework.org/schema/context/spring-context-4.1.xsd">



<bean id="employee" class="org.cap.demo.Employee" autowire="constructor"
	init-method="init" destroy-method="destroy">
	<!-- <property name="employeeId" value="12345"/>
	<property name="firstName" value="Tom"/>
	<property name="lastName" value="Jerry"/> -->
	 <property name="address" ref="address1"/>  
	
	 <constructor-arg name="employeeId" value="1001" />
	<constructor-arg name="firstName" value="Kamal"/>
	<constructor-arg name="lastName" value="Singh"/>
	<!-- <constructor-arg name="address" ref="address"/> 
	 -->
</bean>


<bean id="address" class="org.cap.demo.Address">
	<!-- <property name="streetName" value="34, North Avvenue"/> -->
	<constructor-arg name="streetName" value="45 West Car Street"/>
</bean>

<bean id="address1" class="org.cap.demo.Address">
 <property name="streetName" value="56,West Street "/> 
	
</bean> 

<!-- <bean id="address1" class="org.cap.demo.Address">
	<property name="streetName" value="12, South Avvenue"/>
	
</bean> -->

<bean id="beanPostProcee" class="org.cap.demo.BeanPostProcess"/>

</beans>
