<?xml version="1.0" encoding="UTF-8" ?>
<employees>
	<employee>
		<employeeid>27425_FS</employeeid>
		<name>
			<firstname>Gretchen </firstname>
			<lastname>Chase</lastname>
		</name>
		<address>173 Caton Avenue, Guilford, Virginia, 2109</address>
		<address>727 Irwin Street, Jardine, Iowa, 9066</address>
		<dob>2015-03-02T04:04:53 -06:-30</dob>
		<salary>$1,954.56</salary>
	</employee>
	<employee>
		<employeeid>13788_FS</employeeid>
		<name>
			<firstname>Elva </firstname>
			<lastname>Small</lastname>
		</name>
		<address>723 Veronica Place, Blue, Alabama, 2700</address>
		<address>181 Underhill Avenue, Whitmer, Rhode Island, 7108</address>
		<dob>2016-01-06T04:40:15 -06:-30</dob>
		<salary>$2,943.66</salary>
	</employee>
	<employee>
		<employeeid>12056_FS</employeeid>
		<name>
			<firstname>Roseann </firstname>
			<lastname>Kirby</lastname>
		</name>
		<address>521 Dictum Court, Thermal, Federated States Of Micronesia, 2570</address>
		<address>806 Ruby Street, Oneida, Nevada, 389</address>
		<dob>2017-10-11T02:59:14 -06:-30</dob>
		<salary>$3,526.98</salary>
	</employee>
	<employee>
		<employeeid>28124_FS</employeeid>
		<name>
			<firstname>Mueller </firstname>
			<lastname>Russo</lastname>
		</name>
		<address>222 Falmouth Street, Blanford, District Of Columbia, 4489</address>
		<address>442 Dahlgreen Place, Sultana, Indiana, 9150</address>
		<dob>2016-04-03T07:26:52 -06:-30</dob>
		<salary>$3,040.57</salary>
	</employee>
	<employee>
		<employeeid>36161_FS</employeeid>
		<name>
			<firstname>Byers </firstname>
			<lastname>Rodgers</lastname>
		</name>
		<address>800 Dearborn Court, Succasunna, North Carolina, 1455</address>
		<address>471 Lincoln Road, Beechmont, Louisiana, 1778</address>
		<dob>2014-02-22T10:09:36 -06:-30</dob>
		<salary>$3,373.37</salary>
	</employee>
	<employee>
		<employeeid>20710_FS</employeeid>
		<name>
			<firstname>Dillon </firstname>
			<lastname>Garrison</lastname>
		</name>
		<address>640 Schenck Court, Rockingham, North Dakota, 7305</address>
		<address>922 Sackman Street, Fairview, Wyoming, 922</address>
		<dob>2017-01-28T08:00:51 -06:-30</dob>
		<salary>$3,962.10</salary>
	</employee>
</employees>
